Beshe,Lacefront,100% Human Hair,Wavy Style,Long,Beshe-Lace-HBR-LS.IVY,HBR-LS.IVY,100% Brazilian Remi Unprocessed,178.99,399.99,Natural,HBR-LS.IVY!
Beshe,Lacefront,Synthetic,Wavy Style,Long,Beshe-Lace-LLDP-SPIN9,LLDP-SPIN9,6 inch Deep Free Part ,34.99,49.99,OTASHBLONDE,LLDP-SPIN9-1!:LLDP-SPIN9-1B!:LLDP-SPIN9-F1B/30!:FWINE/4!:LLDP-SPIN9-OT27!:LLDP-SPIN9-OTASHBLONDE!:LLDP-SPIN9-OTSONATA!:LLDP-SPIN9-T27/613!
Beshe,Lacefront,Synthetic,Straight ,Long,Beshe-Lace-LLDP-SPIN7,LLDP-SPIN7,6 inch Deep Free Part ,34.99,49.99,F4/30,LLDP-SPIN7-1!:LLDP-SPIN7-1B!:LLDP-SPIN7-2!:LLDP-SPIN7-4!:LLDP-SPIN7-F1B/30!:LLDP-SPIN7-F4/30!:LLDP-SPIN7-OT27!:LLDP-SPIN7-OT30!:LLDP-SPIN7-OT613!:LLDP-SPIN7-OTFUCHSIA!:LLDP-SPIN7-TT1B/2730!:LLDP-SPIN7-T27/613
Beshe,Lacefront,Synthetic,Body Wavy,Long,Beshe-Lace-LLDP-SPIN5,LLDP-SPIN5,6 inch Deep Free Part ,34.99,49.99,1B,LLDP-SPIN5-1!:LLDP-SPIN5-1B!:LLDP-SPIN5-2!:LLDP-SPIN5-4!:LLDP-SPIN5-F1B/30!:LLDP-SPIN5-F4/27/30!:LLDP-SPIN5-OT27!:LLDP-SPIN5-OT30!:LLDP-SPIN5-OTFUCHSIA!:LLDP-SPIN5-OTRICHBLONDE!:LLDP-SPIN5-T27/613!:LLDP-SPIN5-DARKMAROON
Beshe,Lacefront,Synthetic,Loose Curl,Long,Beshe-Lace-LLDP-SPIN3,LLDP-SPIN3,6 inch Deep Free Part ,34.99,49.99,OTRICHBLONDE,LLDP-SPIN3-1!:LLDP-SPIN3-1B!:LLDP-SPIN3-2!:LLDP-SPIN3-4!:LLDP-SPIN3-F1B/30!:LLDP-SPIN3-F4/27/30!:LLDP-SPIN3-FPEAR/SILVER!:LLDP-SPIN3-OT27!:LLDP-SPIN3-OT613!:LLDP-SPIN3-OTRICHBLONDE!:LLDP-SPIN3-RT1B/ROSEGOLD!:LLDP-SPIN3-TWINE/MAGENTA!
Beshe,Lacefront,Synthetic,Straight ,Medium,Beshe-Lace-LACE-BILA,LACE-BILA,Lady Lace,39.99,52.99,,LACE-BILA-1!:LACE-BILA-1B!:LACE-BILA-2!:LACE-BILA-4!:LACE-BILA-F1B/30!:LACE-BILA-F1B/EMERALD!:LACE-BILA-F4/27!:LACE-BILA-F4/30!:LACE-BILA-MF1B/BREEZE!:LACE-BILA-MF1B/PASSION!:LACE-BILA-RT1B/HOTPINK!:LACE-BILA-RT1B/TEAL!:LACE-BILA-TTBROWN/27!:LACE-BILA-DARKVIOLET!
Beshe,Lacefront,Synthetic,Wavy Style,Long,Beshe-Lacefront-LXLP-300,LXLP.300,5 inch Deep Free Part ,39.99,52.99,,LXLP-300-1!:LXLP-300-1B!:LXLP-300-2!:LXLP-300-4!:LXLP-300-613!:LXLP-300-F1B/30!:LXLP-300-F1B/BLUE!:LXLP-300-F4/27!:LXLP-300-F4/30!:LXLP-300-DXWHITE/SILVER!:LXLP-300-RL30/4!:LXLP-300-RL613/27!:LXLP-300-TDEEPWINE/RED!:LXLP-300-IRIS!
Beshe,Lacefront,Synthetic,Curly Style,Medium,Beshe-Lacefront-LXLP-120,LXLP.120,6 inch Deep Free Part ,39.99,52.99,,LXLP-120-1!:LXLP-120-1B!:LXLP-120-2!:LXLP-120-4!:LXLP-120-99J!:LXLP-120-F1B/30!:LXLP-120-F4/27!:LXLP-120-F4/30!:LXLP-120-F1B/BLUE!:LXLP-120-F1B/PURPLE!:LXLP-120-RL1B/RED!:LXLP-120-RL1B/SILVER!:LXLP-120-T27/613!:LXLP-120-TDEEPWINE/RED
Beshe,Lacefront,Synthetic,Curly Style,Short,Beshe-LLSP-DREW4,LLSP-DREW4,SWISSLACE DEEP PART,42.99,54.99,1B,LLSP-DREW4-1!:LLSP-DREW4-1B!:LLSP-DREW4-2!:LLSP-DREW4-4!:LLSP-DREW4-FPERL/SVL!:LLSP-DREW4-F1B/PUR!:LLSP-DREW4-F1B/WINE!:LLSP-DREW4-F1B/30!:LLSP-DREW4-F4/27!:LLSP-DREW4-F4/30!:LLSP-DREW4-F27/613!:LLSP-DREW4-F30/27!
Beshe,Lacefront,Human Hair Blend,Curly Style,Short,Beshe-LLSP-DREW5,LLSP-DREW5,SWISSLACE DEEP PART,42.99,54.99,F1B/BLUE,LLSP-DREW5-1!:LLSP-DREW51B!:LLSP-DREW52!:LLSP-DREW54!:LLSP-DREW5FPER/SVL!:LLSP-DREW5F1B/BLUE!:LLSP-DREW5F1B/PUR!:LLSP-DREW5F1B/WINE!:LLSP-DREW5F1B/30!:LLSP-DREW5F4/27/30!:LLSP-DREW5F27/30!:LLSP-DREW5F27/613!
Beshe,Lacefront,Synthetic,Curly Style,Short,Beshe-LLSP-511,LLSP-511,SWISSLACE DEEP PART,34.99,49.99,F4/27/30,LLSP-511-1!:LLSP-511-1B!:LLSP-511-2!:LLSP-511-4!:LLSP-511-F1B/30!:LLSP-511-F4/27/30!LLSP-511-3T1B/PUR!:LLSP-511-RT1B/RDWNE!:LLSP-511-RT4/27!:LLSP-511-RT8/1424!:LLSP-511-T27/613!:LLSP-511-TTBLK/WHT!
Beshe,Lacefront,Synthetic,Straight ,Medium,Beshe-LLDP-316,LLDP-316,5 inch Deep Part ,34.99,49.99,DEEPWINE,LLDP-316-1!:LLDP-316-1B!:LLDP-316-2!:LLDP-316-4!:LLDP-316-F1B/GRAY!:LLDP-316-F1B/PUR!:LLDP-316-F1B/30!:LLDP-316-F4/27/30!:LLDP-316-DEEPWINE!:LLDP-316-DXRDWN/99J!:LLDP-316-T4/27!:LLDP-316-T8/24!:LLDP-316-T27/613!
Beshe,Lacefront,Synthetic,Curly Style,Long,Beshe-LLDP-318,LLDP-318,5 inch Deep Part ,34.99,49.99,1B,LLDP-318-1!:LLDP-318-1B!:LLDP-318-2!:LLDP-318-4!:LLDP-318-F1B/GRAY!:LLDP-318-F1B/PUR!:LLDP-318-F1B/BLUE!:LLDP-318-F1B/30!:LLDP-318-F4/27/30!:LLDP-318-DX27/24/4!:LLDP-318-DXRDWN/99J!:LLDP-318-T27/613
Beshe,Lacefront,Synthetic,Wavy Style,Long,Beshe-LLSP-123,LLSP-123,SWISSLACE DEEP PART,42.99,54.99,,LLSP-123-1!:LLSP-123-1B!:LLSP-123-2!:LLSP-123-4!:LLSP-123-F1010!:LLSP-123-F1B/30!:LLSP-123-F4/27/30!:LLSP-123-FB99J/WINE!:LLSP-123-3T1B613/26!:LLSP-123-3T1BWINERD!:LLSP-123-3T4/27/613!:LLSP-123-RT1B/GOLD!:LLSP-123-RT4/27!:LLSP-123-RT4/613!
 ,,,,,,,,,,,
 ,,,,,,,,,,,
