Diana,Lace Front,Human Blend Hair,Straight,Long,Diana-HBW-WONDERGIRL,HBW WONDER GIRL,Bohemian Free Part,42.99,57.99,,1!637322745007:1B!637322745014:2!637322745021:4!637322745038:99J!637322745045:613!637322745052:F1B-30!637322745069:F4-30!637322745076:F4-27-30!637322745083:FS2730!637322745090:RED WINE !637322745106 
Diana,Lace Front,Human Blend Hair,Wavy Style,Long,Diana-HBW-JESSICA,HBW JESSICA,Bohemian Free Part,42.99,57.99,,1!637322746004:1B!637322746011:2!637322746028:4!637322746035:99J!637322746042:613!637322746059:F1B-30!637322746066:F4-30!637322746073:F4-27-30!637322746080:FS2730!637322746097:RED WINE !637322746103 
Diana,Lace Front,Human Blend Hair,Curly Style,Long,Diana-HBW-DAISY,HBW DAISY,Bohemian Free Part,42.99,57.99,,1!637322751503:1B!637322751510:2!637322751527:4!637322751534:613!637322751541:99J!637322751558:F1B-30!637322751565:F4-30!637322751572:F4-27-30!637322751589:RED WINE!637322751596 
Diana,Lace Front,Synthetic,Wavy Style,Medium,Diana-LW-JANE ,LW JANE ,Bohemian 6 Deep Side Volume Part,39.99,52.99,,1!637322752005:1B!637322752012:2!637322752029:4!637322752036:FS1B-30!637322752043:FS4-30!637322752050:F4-27-30!637322752067:99J!637322752074:T30B!637322752081:INDI ROSE!637322752098:TT-CREAM PINK!637322752104:TT-LEMON PINK!637322752111 
Diana,Full Wig,Human Blend Hair,Straight,Medium,Diana-WIG-DODO,WIG DODO,Bohemian Pure Natural,29.99,42.99,,1!637322753002:1B!637322753019:2!637322753026:4!637322753033:613!637322753040:99J!637322753057:F1B-30!637322753064:F4-30!637322753071:FS 2730!637322753088:RED WINE !637322753095:F4-27-30!637322753101 
Diana,Full Wig,Human Hair,Curly Style,Medium,Diana-HH-DIVINE01,HH DIVINE 01,Bohemian Remy,10,100,,NATURAL!637322753507
Diana,Full Wig,Human Hair,Curly Style,Medium,Diana-HH-DIVINE02,HH DIVINE 02,Bohemian Remy,10,100,,NATURAL!637322754009
Diana,Full Wig,Human Hair,Curly Style,Long,Diana-HH-DIVINE03,HH DIVINE 03,Bohemian Remy,10,100,,NATURAL!637322754504
 ,,,,,,,,,,,
 ,,,,,,,,,,,
