Brand Name,Features,Fibers,Types,Length,Code,Item Name,Description,Sales Price,Original Price,Shown Color,Barcode
Shake N Go,Lace Front Wig,100 % Remi Human Hair  ,Deep Wavy,Long,SnG-Freedom-704,Naked Natural 704 Freedom,5inch Deep Lace Part,169.99,299.99,Natural,Natural!650270520953
Shake N Go,Lace Front Wig,100 % Remi Human Hair  ,Body Wavy,Long,SnG-Freedom-702,Naked Natural 702 Freedom,5inch Deep Lace Part,129.99,279.99,Natural,613!650270513108:Natural!650270502867
Shake N Go,Lace Front Wig,100 % Remi Human Hair  ,Wavy,Long,SnG-Freedom-701,Naked Natural 701 Freedom,5inch Deep Lace Part,129.99,279.99,Natural,Natural!650270502850
Shake N Go,Lace Front Wig,100 % Remi Human Hair  ,Wavy,Medium,SnG-Premium-DELILAH,Naked DELIAH,Pemium C-Part,72.99,124.99,OT530,Natural!650270528522:Natural/DK!650270528539:OT30!650270528553:OT530!650270528560
Shake N Go,Lace Front Wig,100 % Remi Human Hair  ,Deep Wavy,Long,SnG-NaturalWW-DWave,Naked Natural Deep Wave,W&W,84.99,159.99,Natural,Natural!650270510763
Shake N Go,Lace Front Wig,100 % Remi Human Hair  ,Deep Wavy,Long,SnG-NaturalWW-DWave30,Naked Natural Deep Wave 30,W&W,229.99,399.99,Natural,Natural!650270513023
Shake N Go,Lace Front Wig,100 % Remi Human Hair  ,Wavy,Long,SnG-NaturalWW-LDeep,Naked Natural Loose Deep  ,W&W,109.99,179.99,Natural,Natural!650270464370
Shake N Go,Lace Front Wig,100 % Remi Human Hair  ,Wavy,Medium,SnG-Premium-ISABELLE,Naked ISABELLE,Pemium Lace Part,69.99,99.99,Natural,Natural!650270495589:Natural/DK!650270495596
Shake N Go,Lace Front Wig,100 % Remi Human Hair  ,Wavy,Long,SnG-Natural-101,Naked Natural 101,Body Wave 26 inch,201.99,399.99,Natural,Natural!650270466213:Natural/DK!650270466220
Shake N Go,Lace Front Wig,100 % Remi Human Hair  ,Deep Wavy,Long,SnG-Natural-301,Naked Natural 301,5inch Part Loose Deep,99.99,175.99,Natural,Natural!650270466237:Natural/DK!650270466244
Shake N Go,Lace Front Wig,100 % Remi Human Hair  ,Loose Curl,Long,SnG-SNatural-201,Naked Super Natural 201,Deep Invisible L-Part,99.99,175.99,Natural,Natural!650270466251
Shake N Go,Lace Front Wig,100 % Remi Human Hair  ,Straight,Medium,SnG-Premium-BRIGIT,Naked BRIGIT,Pemium Lace Part,59.99,92.99,Natural,Natural!821090918620
Shake N Go,Lace Front Wig,100 % Remi Human Hair  ,Wavy,Long,SnG-Premium-NWavy,Naked Natural Wavy,Pemium Lace Front,99.99,179.99,Natural,Natural!821090906399:Natural/DK!821090906405
Shake N Go,Lace Front Wig,100 % Remi Human Hair  ,Wavy,Long,SnG-PremiumLPart-NWavy,Naked Natural Wavy,Pemium L-Part,69.99,119.99,Natural,Natural!821090897765
Shake N Go,Lace Front Wig,100 % Remi Human Hair  ,Body Wavy,Long,SnG-Premium-BWavy,Naked Body Wavy,Deep Invisible L-Part,84.99,149.99,Natural,Natural!821090951108
Shake N Go,Lace Front Wig,100 % Remi Human Hair  ,Straight,Long,SnG-Saga-ARIELLE,Saga ARIELLE,,107.99,149.99,Natural,Natural!821090145705:Natural/DK!821090898755
Shake N Go,Lace Front Wig,100 % Remi Human Hair  ,Wavy,Long,SnG-Saga-CARMENTA,Saga CARMENTA,,129.99,179.99,Natural,Natural!821090898748:Natural/DK!821090145736
Shake N Go,Lace Front Wig,100 % Remi Human Hair  ,Straight,Long,SnG-Saga-CLEOPATRA ,Saga CLEOPATRA LACE 14 inch,,179.99,299.99,1,1!821090917135
Shake N Go,Lace Front Wig,Human Blend,Curly Style,Medium,SnG-Milky-HARMONY110 ,Milky Way HARMINY 110,,24.99,42.99,BO2202,1!821090887629:1B!821090887636:BO2202!821090887698
Shake N Go,Lace Front Wig,Human Blend,Straight,Medium,SnG-Milky-HARMONY111,Milky Way HARMINY 111,,24.99,42.99,SOPHONEYBR,1!821090887742:1B!821090887759.2!821090887766
Shake N Go,Lace Front Wig,Human Blend,Curly Style,Long,SnG-Milky-HARMONY113,Milky Way HARMINY 113,,24.99,42.99,SOPHONEYBR,BO2202!821090888053
Shake N Go,Lace Front Wig,Human Blend,Straight,Long,SnG-Milky-HARMONY114,Milky Way HARMINY 114,,24.99,42.99,,1!821090888107:1B!821090888114:2!821090888121:BO1B627!821090888183:BO1BGRA!821090888190:BO2202!821090888176:BO2203!821090888152:BO2204!821090888169:BO4340!821090888145:SOPCOPPER!821090888206:SOPHONEYBR!821090888213
Shake N Go,Lace Front Wig,Human Blend,Straight,Medium,SnG-Milky-HARMONY115,Milky Way HARMINY 115,,24.99,42.99,SOP43027,1!821090910914:1B!821090910921:2!821090910938:4!821090910945:OP1B30!821090910952:OP430!821090910976:OT530!821090910983:OT99J!821090910990:SOP27GD30!821090911003:SOP43027!821090911010
Shake N Go,Lace Front Wig,Human Blend,Curly Style,Long,SnG-Milky-HARMONY117,Milky Way HARMINY 117,,24.99,42.99,1,1!821090912475:OT530!821090913083:OT99J!821090913090
Shake N Go,Lace Front Wig,Synthetic ,Curly Style,Long,SnG-Freedom-301,Fretress Equl Freedom Lace Part 301,100% Hand Tied,39.99,49.99,1B,1!650270512415:1B!650270512422
Shake N Go,Lace Front Wig,Synthetic ,Curly Style,Long,SnG-Freedom-302,Fretress Equl Freedom Lace Part 302,100% Hand Tied,39.99,49.99,1,1!650270512439:1B!650270512446
Shake N Go,Lace Front Wig,Synthetic ,Wavy,Medium,SnG-Equl-VAL,Fretress Equl VAL,5inch Lace Part,29.99,42.99,1B,1!650270512934:1B!650270512941:2!650270512958:FF1B27!650270512965:FF30GD!650270512972:FF99J130!650270512989:FF99J530!650270512996
Shake N Go,Lace Front Wig,Synthetic ,Straight,Medium,SnG-Equl-BabyHair101,Fretress Equl BABY HAIR 101,,31.99,49.99,1B,1!650270503260:1B!650270503277:2!650270503284:4!650270503291:OT27!650270503307:OT30!650270503314:OT530!650270503321
Shake N Go,Lace Front Wig,Synthetic ,Curly Style,Long,SnG-Equl-BabyHair102,Fretress Equl BABY HAIR 102,,31.99,49.99,,1!650270510305:1B!650270510312:2!650270510329:4!650270510336:OT27!650270510343:OT30!650270510350:OT530!650270510367
Shake N Go,Lace Front Wig,Synthetic ,Wavy,Medium,SnG-Equl-BabyHair103,Fretress Equl BABY HAIR 103,,31.99,49.99,,1!650270519452:1B!650270519476:2!650270519407:4!650270519414:FF1B30!650270519421:FF99J130!650270519469:FFH23033!650270519438:FFH426!650270519773:FFH43026!650270519445
Shake N Go,Lace Front Wig,Synthetic ,Wavy,Long,SnG-Equl-BLW001,Fretress Equl Premium - BLW 001,Braided Edge Frontal,54.99,89.99,2,1!650270519605:1B!650270519612:2!650270519629:FFAMBER!650270519636:FFRUSSET!650270519643:FFWARMBI!650270519650
Shake N Go,Lace Front Wig,Synthetic ,Wavy,Long,SnG-Equl-VANORA,Fretress Equl VANORA,5inch Lace Front,26.99,39.99,,1!650270511913:1B!650270511920:2!650270511937:4!650270511944:FFAMBER!650270511951:FFRUSSET!650270511968:FFWARMBI!650270511975:FF99J530!650270519759
Shake N Go,Lace Front Wig,Synthetic ,Wavy,Long,SnG-Equl-VIVIA,Fretress Equl VIVIA,5inch Lace Part,26.99,39.99,FFWARMBI,1!650270511777:1B!650270511784:2!650270511791:4!650270511807:FFAMBER!650270511814:FFRUSSET!650270511821:FFWARMBRN!650270511838:FF99J530!650270519742
Shake N Go,Lace Front Wig,Synthetic ,Wavy,Long,SnG-Freedom-402,Fretress Equal Freedom Free Part Lace 402,,34.99,59.99,1B,1!650270510848:1B!650270510855:2!650270510862:4!650270510879:SR27!650270511500:SR30!650270511517:SR530!650270511524
Shake N Go,Lace Front Wig,Human Blend,Wavy,Short,SnG-Equal-IC002,Fretress Equal IC002,Flat Laid Side,32.99,42.99,,1!650270502362:1B!650270502379:2!650270502386:OT27!650270502218:OT30!650270502225:OT530!650270502232
Shake N Go,Lace Front Wig,Human Blend,Straight,Short,SnG-Equal-IC001,Fretress Equal IC001,Flat Laid Side,32.99,42.99,,1!650270502331:1B!650270502348:2!650270502355:OT27!650270502164:OT30!650270502171:OT530!650270502188
Shake N Go,Lace Front Wig,Synthetic ,Curly,Long,SnG-Equal-KATE,Fretress Equal KATE,Lace Deep Invisible Part,24.99,39.99,,1!650270495466:1B!650270495473:2!650270495480:FF1B27!650270495497:FF1B30!650270495503:FF99J130!650270495510:FF99J530!650270495527
Shake N Go,Lace Front Wig,Synthetic ,Straight,Medium,SnG-Equal-VARA,Fretress Equal VARA,5inch Lace Part,21.99,37.99,1B,1!650270481803:2!650270481827:4!650270481834:1B!650270481810:BLKCHERRY!650270481865:HONEYBROWN!650270481858:HONEYBTR!650270481841:SRBLONDE!650270481889:SRCOPPER!650270481872
Shake N Go,Lace Front Wig,Synthetic ,Curly,Long,SnG-Equal-VONNIE,Fretress Equal VONNIE,5inch Lace Part,23.99,39.99,1B,1!650270502973:1B!650270502980:2!650270502997:4!650270503000:OT27!650270503048:OT30!650270503055:OT530!650270503062:OT613!650270503079:FFCREAM!650270503017:FFGOLDBRN!650270503024:FFHOTCHO!650270503031
Shake N Go,Lace Front Wig,Synthetic ,Wavy,Medium,SnG-Equal-MALINA,Fretress Equal MALINA,5inch Lace Part,21.99,37.99,,1!650270502874:1B!650270502881:2!650270502898:4!650270502904:OT27!650270502942:OT30!650270502959:OT530!650270502966:FFCREAM!650270502911:FFGOLDBRN!650270502928:FFHOTCHOCO!650270502935
Shake N Go,Lace Front Wig,Synthetic ,Straight,Long,SnG-Equal-BRISA,Fretress Equal BRISA,Italian Lace 100% Hand Tied,28.99,39.99,,1!650270468002:1B!650270468019:2!650270468026:4!650270468033:CMBERRY!650270468040:CMBRAND!650270468057:CMBROWNIE!650270468064:CMBRUNETTE!650270468071:CMPECAN!650270468088:CMRDCOPPER!650270468095
Shake N Go,Lace Front Wig,Synthetic ,Straight,Long,SnG-Equal-MATTIE,Fretress Equal MATTIE,Lace Lace 6inch Part,28.99,39.99,FF99J130,1!650270481285:1B!650270481292:2!650270481308:SRBLONDE!650270481353:FF1B27!650270481315:FF30GD!650270481322:FF99J130!650270481339:FF99J530!650270481346
Shake N Go,Lace Front Wig,Synthetic ,Straight,Medium,SnG-Equal-VIVIAN,Fretress Equal VIVIAN,5inch Lace Part,21.99,37.99,,1!650270482725:1B!650270482732:2!650270482749:4!650270482756:OT27!650270482787:OT30!650270482794:OTCOPPER!650270482770:OT613!650270482763:OTRED!650270495619
Shake N Go,Lace Front Wig,Synthetic ,Body Wavy,Long,SnG-Equal-VENETIA,Fretress Equal VENETIA,5inch Lace Part,21.99,37.99,OT27,1!650270482640:1B!650270482657:2!650270482664:4!650270482671:OT27!650270482701:OT30!650270482718:OTCOPPER!650270482695:OT613!650270482688
Shake N Go,Lace Front Wig,Synthetic ,Wavy,Long,SnG-Equal-VIVA,Fretress Equal VIVA,5inch Lace Part,21.99,37.99,1B,1!650270481568:1B!650270481575:2!650270481582:4!650270481599:FF30!650270481612:FF350!650270481636:FF530!650270481629:FF427!650270481605
Shake N Go,Lace Front Wig,Synthetic ,Straight,Long,SnG-Equal-VALENCIA,Fretress Equal VALENCIA,5inch Lace Part,21.99,37.99,FFGOLDBRN,1!650270470036:1B!650270470043:2!650270470050:4!650270470067:PB30!650270470111:PB530!650270480103:PB27!650270470104:PB350!650270470128:OT613!:OTRED!:FFCREAM!650270470074:FFGOLDBRN!650270470098:FFHOTCHOCO!650270470081
Shake N Go,Lace Front Wig,Synthetic ,Curly,Long,SnG-Equal-Frontal002,Fretress Equal FRONTAL LACE 002,Hand Tied,32.99,59.99,OT530,1!821090906481:1B!821090906498:2!821090906504:4!821090906511:OT30!821090906528:OT530!821090906535:OT99J!821090906542
Shake N Go,Lace Front Wig,Synthetic ,Curly,Long,SnG-Equal-Frontal003,Fretress Equal FRONTAL LACE 003,Hand Tied,32.99,59.99,OT99J,1!821090906559:1B!650270466596821090906566:2!821090906573:4!821090906580:OT30!821090906597:OT530!821090906603:OT99J!821090906610
Shake N Go,Lace Front Wig,Synthetic ,Loose Curl,Long,SnG-Equal-VALENTINO,Fretress Equal VALENTINO,5inch Lace Part,21.99,37.99,FFGOLDBRN,1!650270466589:1B!650270466596:2!650270466602:4!650270466619:PB30!650270466664:PB530!650270466688:PB27!650270466657:PB350!650270466671:FFCREAM!650270466626:FFGOLDBRN!650270466633:FFHOTCHOCO!650270466640
Shake N Go,Lace Front Wig,Synthetic ,Wavy,Long,SnG-Equal-WHOLE01,Fretress Equal PREMIUM WHOLE LACE 01,,92.99,149.99,,1!821090919337:1B!821090919344:2!821090919351
Shake N Go,Lace Front Wig,Synthetic ,Straight,Long,SnG-Equal-WHOLE02,Fretress Equal PREMIUM WHOLE LACE 02,,92.99,149.99,,1!821090919368:1B!821090919375:2!821090919382
Shake N Go,Lace Front Wig,Synthetic ,Curly,Long,SnG-Equal-MILES,Fretress Equal MILES,Lace Lace 6inch Part,32.99,59.99,,1!650270465810:1B!650270465827:PB350!650270465902
Shake N Go,Lace Front Wig,Synthetic ,Curly,Long,SnG-Equal-MAJOR,Fretress Equal MAJOR,Lace Lace 6inch Part,32.99,59.99,,1!650270465704:1B!650270465711:2!650270465728:PB30!650270465780:PB350!650270465797:PB530!650270465803:PB27!650270465773:FFCREAM!650270465742:FFGOLDBRN!650270465759:FFHOTCHOCO!650270465766
Shake N Go,Lace Front Wig,Synthetic ,Wavy,Long,SnG-Equal-MAC,Fretress Equal MAC,Lace Lace 6inch Part,27.99,49.99,,1!821090887223:1B!821090887230
Shake N Go,Lace Front Wig,Synthetic ,Straight,Medium,SnG-Equal-MADANI,Fretress Equal MADANI,Lace Lace 6inch Part,27.99,49.99,GXRDVIOLET,1!821090887421:1B!821090887438:2!821090887445:GXAUBURN!821090887490:GXAURORA!821090887483:GXBRONZE!821090887476:GXRDVIOLET!821090887513:GXSTARRY!821090887506:SOP1B30!821090887452:SOP430!821090887469
Shake N Go,Lace Front Wig,Synthetic ,Curly,Long,SnG-Equal-MAXI,Fretress Equal MAXI,Lace Lace 6inch Part,27.99,49.99,,1!821090887520:1B!821090887537:2!821090887544:GXAUBURN!821090887599:GXAURORA!821090887582:GXBRONZE!821090887575:GXRDVIOLET!821090887612:GXSTARRY!821090887605:BLKCHERRY!650270469849:BLKCHERRYCOLA!650270469856:HOTCOPPEER!650270469870:ICEBLONDE!650270469887:HONEYBROWN!650270469863:HONEYBTR!650270469832:SOP1B30!821090887551:SOP430!821090887568
Shake N Go,Lace Front Wig,Synthetic ,Straight,Long,SnG-Equal-AMERIE,Fretress Equal AMERIE,,27.99,49.99,,1!821090632915:1B!821090632922:2!821090632939:4!821090632946:530!821090648688:99j!821090648671:RED!821090641764:PB1B/30!821090633004:P27/613!821090633028:P4/27!821090633035:P4/30!821090633042:F237!821090632977:F33/32/240!821090632984:F437!821090632991/OT613!650270481681
Shake N Go,Lace Front Wig,Synthetic ,Straight,Long,SnG-Equal-AMERIE28,Fretress Equal AMERIE 28,,27.99,49.99,,1!821090649371:2!821090649395:4!821090649401:613!821090649449:1B!821090649388:99J!821090649432:P!B/30!821090649432:P4/30!821090649425
Shake N Go,Lace Front Wig,Synthetic ,Wavy,Long,SnG-Freedom-402,Fretress Equal Freedom Free Part Lace 402,,34.99,49.99,1B,1!650270510848:1B!650270510855:2!650270510862:4!650270510879:SR27!650270511500:SR30!650270511517:SR530!650270511524
Shake N Go,Full Wig,Human Hair  ,Wavy,Short,SnG-Naked-MARCI,Naked  Premium MARCI,Brazilian Natural Unprocessed,39.99,54.99,Natural,Natural!650270529529
Shake N Go,Full Wig,Human Hair  ,Straight,Medium,SnG-Naked-DION,Naked  Premium DION,Brazilian Natural Unprocessed,39.99,54.99,Natural,Natural!650270502843
Shake N Go,Full Wig,Human Hair  ,Curly,Medium,SnG-Naked-HAUTY,Naked  Premium HAUTY,Brazilian Natural Unprocessed,42.99,57.99,Natural,Natural!650270519551
Shake N Go,Full Wig,Human Hair  ,Curly,Medium,SnG-Naked-WHITNEY,Naked  Premium WHITNEY,Brazilian Natural Unprocessed,34.99,49.99,Natural,Natural!650270513030
Shake N Go,Full Wig,Human Hair  ,Straight,Medium,SnG-Naked-MIA,Naked  Premium MIA,Brazilian Natural Unprocessed,34.99,49.99,Natural,Natural!650270502836
Shake N Go,Full Wig,Human Hair  ,Straight,Medium,SnG-Naked-LEONI,Naked  Premium LEONI,Premium 5inch Lace Part,39.99,54.99,Natural,Natural!650270495374
Shake N Go,Full Wig,Human Hair  ,Loose Curl,Medium,SnG-Naked-MELODY,Naked  Premium MELODY,Brazilian Natural Unprocessed,32.99,47.99,Natural,Natural!650270495336
Shake N Go,Full Wig,Human Hair  ,Body Wavy,Medium,SnG-Naked-TRINITY,Naked  Premium TRINITY,Brazilian Natural Unprocessed,32.99,47.99,Natural,Natural!650270495350
Shake N Go,Full Wig,Human Hair  ,Body Wavy,Long,SnG-Naked-ELLIANA,Naked  Premium ELLIANA,Brazilian Natural Unprocessed,92.99,162.99,Natural,Natural!650270469597
Shake N Go,Full Wig,Human Hair  ,Wavy,Long,SnG-Naked-LooseDeep20,Naked  ELLIANABRAZILIAN LOOSE DEEP 20,Brazilian Natural Unprocessed,109.99,249.99,OMOCEAN,OMOCEAN!821090158392
Shake N Go,Full Wig,Human Hair  ,Wavy,Long,SnG-Naked-WaveM,Naked  Premium Wig S - WAVE (M),Brazilian Natural Unprocessed,59.99,89.99,Natural,Natural!821090906351:Natural/DK!821090906368
Shake N Go,Full Wig,Human Hair  ,Wavy,Long,SnG-Naked-WaveS,Naked  Premium Wig S - WAVE (S),Brazilian Natural Unprocessed,49.99,79.99,Natural,Natural!821090906375:Natural/DK!821090906382
Shake N Go,Full Wig,100% Remi Human Hair,Straight,Medium,SnG-Saga-SNOW,Milkyway Saga - SNOW,,34.99,49.99,OT30,1!821090951597:1B!821090951603:2!821090951610:4!821090951627:P1B30!821090951634:P430!821090951641:OT30!821090951658:OT530!821090951665
Shake N Go,Full Wig,100% Remi Human Hair,Curly,Medium,SnG-Saga-LEMONADE,Milkyway Saga - LEMONADE,,27.99,39.99,OP1B30,1!821090951672:1B!821090951689:2!821090951696:4!821090951702:OP1B30!821090951719:OP430!821090951726:OT30!821090951733
Shake N Go,Full Wig,100% Remi Human Hair,Curly,Medium,SnG-Saga-NOVA,Milkyway Saga - NOVA,,27.99,39.99,OT530,1!650270501655:1B!650270501662:2!650270501679:4!650270501686:P1B30!650270501693:P430!650270501709:OT30!650270501716:OT530!650270501723
Shake N Go,Full Wig,100% Remi Human Hair,Curly,Medium,SnG-Saga-PassionDeep,Milkyway Saga - PASSION DEEP,,27.99,39.99,,1!821090896089:1B!821090896096:2!821090896102:4!821090896119:P1B30!821090896126:P430!821090896133:OT30!821090896140:OT530!821090896157:OT99J!821090896164
Shake N Go,Full Wig,100% Remi Human Hair,Straight,Long,SnG-Saga-CLEOPATRA18,Milkyway Saga - CLEOPATRA 18,,150.99,290.99,1B,1B!821090349745
Shake N Go,Full Wig,100% Remi Human Hair,Curly,Medium,SnG-Saga-CHAMPAGNE,Milkyway Saga - CHAMPAGNE,,49.99,79.99,1B,1B!821090103484
Shake N Go,Full Wig,100% Remi Human Hair,Curly,Medium,SnG-Saga-LAVENDER,Milkyway Saga - LAVENDER,,34.99,49.99,1B,1B!821090145354
Shake N Go,Full Wig,100% Remi Human Hair,Straight,Short,SnG-Saga-MintCream,Milkyway Saga - MINT CREAM,,34.99,49.99,OTBLBK,OTBLBK!821090697976
Shake N Go,Full Wig,100% Remi Human Hair,Curly,Short,SnG-Saga-BubblePink,Milkyway Saga - BUBBLE PINK,,27.99,39.99,,1!821090164164:1B!821090164171:2!821090164188:4!821090164195:P1B30!821090164201:P430!821090164218
Shake N Go,Full Wig,100% Remi Human Hair,Straight,Short,SnG-Saga-Flame,Milkyway Saga - FLAME,,27.99,39.99,,1!821090896867:1B!821090896874:2!821090896881:4!821090896898:OP1B30!821090896935:OP430!821090896942:OT30!821090896904:OT530!821090896928:OT99J!821090896911
Shake N Go,Full Wig,100% Remi Human Hair,Straight,Short,SnG-Saga-PinkBerry,Milkyway Saga - PINK BERRY,,27.99,39.99,,1!821090881702:1B!821090881719:2!821090881726
Shake N Go,Full Wig,100% Remi Human Hair,Wavy,Short,SnG-Saga-Sunshine,Milkyway Saga - SUNSHINE,,27.99,39.99,,1!821090881733:1B!821090881740:2!821090881757
Shake N Go,Full Wig,100% Remi Human Hair,Wavy,Short,SnG-Saga-Destiny,Milkyway Saga - DESTINY,,49.99,79.99,,1!821090634285:1B!821090634292
Shake N Go,Full Wig,100% Remi Human Hair,Curly,Short,SnG-Saga-Goldie,Milkyway Saga - GOLDIE,,49.99,79.99,,1!821090103552:1B!821090103569:2!821090103576:4!821090103583:P1B30!821090135751:P430!821090135768
Shake N Go,Full Wig,100% Remi Human Hair,Straight,Short,SnG-Saga-Lagoon,Milkyway Saga - LAGOON,,27.99,39.99,,1!821090803131:1B!10017368 :2!821090803155:4!821090803162:P1B30!821090803179:P430!821090803186
Shake N Go,Full Wig,Synthetic ,Curly,Short,SnG-Equal-LILA,Fretress Equal - LILA,,21.99,34.99,,1!650270467586:1B!650270467593:2!650270467609:DD1B44!650270467654:DD1B530!650270467647:DD227T27!650270467661:T30!650270467623:T530!650270467630
Shake N Go,Full Wig,Synthetic ,Straight,Medium,SnG-Equal-ATTY,Fretress Equal - ATTY,Invisible L Part,21.99,34.99,,1!821090912116:1B!821090912123:OTN27!821090912215
Shake N Go,Full Wig,Synthetic ,Straight,Medium,SnG-Equal-FW001 ,Fretress Equal Preedom Wig - FW001,,21.99,34.99,,1!650270519124:1B!650270519131:2!650270519148:4!650270519155:FF1B27!650270519162:FF1B30!650270519179:FF1B530!650270519186
Shake N Go,Full Wig,Synthetic ,Curly,Medium,SnG-Equal-CHRISTA,Fretress Equal - CHRISTA,Invisible Part,23.99,37.99,,1!650270504069:1B!650270504076:2!650270504083:4!650270504090:OT27!650270504106:OT30!650270504113:OT530!650270504120
Shake N Go,Full Wig,Synthetic ,Curly,Medium,SnG-Equal-ChristaShort,Fretress Equal - CHRISTA  SHORT,Invisible Part,23.99,37.99,,1!650270504137:1B!650270504144:2!650270504151:4!650270504168:OT27!650270504175:OT30!650270504182:OT530!650270504199
Shake N Go,Full Wig,Synthetic ,Curly,Medium,SnG-Equal-AUDREY,Fretress Equal - AUDREY,,21.99,34.99,,1!650270467494:1B!650270467500:2!650270467517:DD1B144!650270467562:DD1B530!650270467555:DD227!650270467579:T27!650270467524:T30!650270467531:T530!650270467548
Shake N Go,Full Wig,Synthetic ,Curly,Medium,SnG-Equal-WILLOW,Fretress Equal - WILLOW,,21.99,34.99,,1!650270469313:1B!650270469320:2!650270469337:4!650270469344:TD130!650270469375:TD27!650270469351:TD30!650270469368:TD530!650270469382
Shake N Go,Full Wig,Synthetic ,Straight,Medium,SnG-Equal-MILA,Fretress Equal - MILA,,21.99,34.99,,1!650270481698:1B!650270481704:2!650270481711:4!650270481728:BLKCHERRY!650270481759:HONEYBROWN!650270481742:HONEYBTR!650270481735:OMAURORA!650270519988:OMBORA!650270519995:OMCORALGRN!650270520007:OMICICLE!650270520007:OMPHOENIX!650270481773650270520021:SRBLONDE!:SRCOPPER!650270481766
Shake N Go,Full Wig,Synthetic ,Curly,Long,SnG-Equal-PreePart104,Fretress Equal - PREE PART 104,Freedom,27.99,39.99,,1!821090889029:1B!821090889036:2!821090889043:OP1B30!821090889050:OP430!821090889067:OT27!821090889074:OT530!821090889098:OT99J!821090889081
Shake N Go,Full Wig,Synthetic ,Straight,Medium,SnG-Equal-PERLA,Fretress Equal - PERLA,,21.99,34.99,,1B!650270482619:OT613!650270482626:OTCOPPER!650270482633
Shake N Go,Full Wig,Synthetic ,Straight,Long,SnG-Equal-ARIANNA,Fretress Equal - ARIANNA,,21.99,34.99,,1!650270467685:1B!650270467692:2!650270467708:4!650270467715:HDCHAI!650270467753:HDPENNY!650270467777:HDROUGE!650270467760:HDSAGE!650270467784:OM1B2726!650270467722:OM99530350!650270467739:OT613!650270481797:SOP1B48!650270467746
Shake N Go,Full Wig,Synthetic ,Curly,Long,SnG-Equal-CHRISTY,Fretress Equal - CHRISTY,Invisible L Part,21.99,34.99,,1!821090910655:1B!821090910662:2!821090910679:4!821090910686:OF99J530BG!821090910747:OH227144!821090910723:OH2730613!821090910730:OP27!821090910693:OP430!821090910709:OP99J!821090910716:TSNUDE!821090910754:TSTOFFEE!821090910761
Shake N Go,Full Wig,Synthetic ,Curly,Long,SnG-Equal-UNICE,Fretress Equal - UNICE,Invisible Part,21.99,34.99,,1!650270466787:1B!650270466794:OM3T4RED!650270466855
