The Wig,Lace Front,Human Hair Blend,Body Wavy,Long,Thewig-LaceFront-LH-OCEAN,LH-OCEAN,BRAZILIAN INVISIBLE DEEP PART,49.99,,1!LH-OCEAN_1:1B!LH-OCEAN_1B:2!LH-OCEAN_2:99J!LH-OCEAN_99J:B27!LH-OCEAN_B27:B612!LH-OCEAN_B612:BRED!LH-OCEAN_BRED:P1B/30!LH-OCEAN_P1B/30:P4/30!LH-OCEAN_P4/30:SHIMMERY SILVER!LH-OCEAN_SHIMMERY SI:SILVER GRAY!LH-OCEAN_SILVER GRAY,1!LH-OCEAN_1:1B!LH-OCEAN_1B:2!LH-OCEAN_2:99J!LH-OCEAN_99J:B27!LH-OCEAN_B27:B612!LH-OCEAN_B612:BRED!LH-OCEAN_BRED:P1B/30!LH-OCEAN_P1B/30:P4/30!LH-OCEAN_P4/30:SHIMMERY SILVER!LH-OCEAN_SHIMMERY SI:SILVER GRAY!LH-OCEAN_SILVER GRAY,The Wig Brazilian Human Hair Blend Invisible Deep Part Lace Front Wig LH-Ocean
The Wig,Lace Front,Human Hair Blend,Straight,Short,Thewig-LaceFront-LH-NICKY,LH-NICKY,BRAZILIAN INVISIBLE DEEP PART,39.99,,1!LH-NICKY_1:1B!LH-NICKY_1B:2!LH-NICKY_2:99J!LH-NICKY_99J:B27!LH-NICKY_B27:B612!LH-NICKY_B612:BRED!LH-NICKY_BRED:DIRTY SILVER!LH-NICKY_DIRTY SILVE:F4/30!LH-NICKY_F4/30:FIB/30!LH-NICKY_FIB/30:SHIMMERY SILVER!LH-NICKY_SHIMMERY SI:SILVER GRAY!LH-NICKY_SILVER GRAY,1!LH-NICKY_1:1B!LH-NICKY_1B:2!LH-NICKY_2:99J!LH-NICKY_99J:B27!LH-NICKY_B27:B612!LH-NICKY_B612:BRED!LH-NICKY_BRED:DIRTY SILVER!LH-NICKY_DIRTY SILVE:F4/30!LH-NICKY_F4/30:FIB/30!LH-NICKY_FIB/30:SHIMMERY SILVER!LH-NICKY_SHIMMERY SI:SILVER GRAY!LH-NICKY_SILVER GRAY,The Wig Brazilian Human Hair Blend Invisible Deep Part Lace Front Wig LH-Nicky
The Wig,Full Wig,Human Hair Blend,Straight,Short,Thewig-FullWig-HH-YURI,HH-YURI,BRAZILIAN,29.99,,1!HH-YURI_1:1B!HH-YURI_1B:2!HH-YURI_2:99J!HH-YURI_99J:B2730!HH-YURI_B2730:B612!HH-YURI_B612:BRED!HH-YURI_BRED:P1B/30!HH-YURI_P1B/30:P4/27/30!HH-YURI_P4/27/30,1!HH-YURI_1:1B!HH-YURI_1B:2!HH-YURI_2:99J!HH-YURI_99J:B2730!HH-YURI_B2730:B612!HH-YURI_B612:BRED!HH-YURI_BRED:P1B/30!HH-YURI_P1B/30:P4/27/30!HH-YURI_P4/27/30,The Wig Brazilian Human Hair Blend Wig HH-Yuri
The Wig,Lace Front,Human Hair Blend,Body Wavy,Long,Thewig-LaceFront-LH-MAXIM,LH-MAXIM,BRAZILIAN INVISIBLE DEEP PART,49.99,,1!LH-MAXIM_1:1B!LH-MAXIM_1B:2!LH-MAXIM_2:612!LH-MAXIM_612:99J!LH-MAXIM_99J:B27!LH-MAXIM_B27:B612!LH-MAXIM_B612:BRED!LH-MAXIM_BRED:J27!LH-MAXIM_J27:P1B/30!LH-MAXIM_P1B/30:P4/30!LH-MAXIM_P4/30,1!LH-MAXIM_1:1B!LH-MAXIM_1B:2!LH-MAXIM_2:612!LH-MAXIM_612:99J!LH-MAXIM_99J:B27!LH-MAXIM_B27:B612!LH-MAXIM_B612:BRED!LH-MAXIM_BRED:J27!LH-MAXIM_J27:P1B/30!LH-MAXIM_P1B/30:P4/30!LH-MAXIM_P4/30,The Wig Brazilian Human Hair Blend Invisible Deep Part Lace Front Wig LH-Maxim
The Wig,Full Wig,Synthetic,Straight,Medium,Thewig-FullWig-LORA,LORA,NATURAL HAIR COLLECTION,19.99,,1!LORA_1:1B!LORA_1B:2!LORA_2:99J!LORA_99J:F4/30!LORA_F4/30:P1B/30!LORA_P1B/30:P4/30!LORA_P4/30:RT27!LORA_RT27:RT612!LORA_RT612:RTRED!LORA_RTRED:WINE!LORA_WINE,1!LORA_1:1B!LORA_1B:2!LORA_2:99J!LORA_99J:F4/30!LORA_F4/30:P1B/30!LORA_P1B/30:P4/30!LORA_P4/30:RT27!LORA_RT27:RT612!LORA_RT612:RTRED!LORA_RTRED:WINE!LORA_WINE,The Wig Synthetic Hair Wig Natural Hair Collection Lora
The Wig,Full Wig,Synthetic,Straight,Short Medium,Thewig-FullWig-LULU,LULU,NATURAL HAIR COLLECTION,19.99,,1!LULU_1:1B!LULU_1B:2!LULU_2:99J!LULU_99J:P1B/30!LULU_P1B/30:P4/30!LULU_P4/30:RT27!LULU_RT27:RT612!LULU_RT612:RTRED!LULU_RTRED,1!LULU_1:1B!LULU_1B:2!LULU_2:99J!LULU_99J:P1B/30!LULU_P1B/30:P4/30!LULU_P4/30:RT27!LULU_RT27:RT612!LULU_RT612:RTRED!LULU_RTRED,The Wig Synthetic Hair Wig Natural Hair Collection Lulu
The Wig,Full Wig,Human Hair Blend,Straight,Long,Thewig-FullWig-HH-LOVE,HH-LOVE,BRAZILIAN,39.99,,1!HH-LOVE~1:1B!HH-LOVE~1B:2!HH-LOVE~2:612!HH-LOVE~612:99J!HH-LOVE~99J:B27!HH-LOVE~B27:B2730!HH-LOVE~B2730:B612!HH-LOVE~B612:BRED!HH-LOVE~BRED:F1B/30!HH-LOVE~F1B/30:F4/30!HH-LOVE~F4/30:P1B/30!HH-LOVE~P1B/30:P4/30!HH-LOVE~P4/30:SHIMMERY SILVER!HH-LOVE~SHIMMERY SIL:SILVER GRAY!HH-LOVE~SILVER GRAY,1!HH-LOVE~1:1B!HH-LOVE~1B:2!HH-LOVE~2:612!HH-LOVE~612:99J!HH-LOVE~99J:B27!HH-LOVE~B27:B2730!HH-LOVE~B2730:B612!HH-LOVE~B612:BRED!HH-LOVE~BRED:F1B/30!HH-LOVE~F1B/30:F4/30!HH-LOVE~F4/30:P1B/30!HH-LOVE~P1B/30:P4/30!HH-LOVE~P4/30:SHIMMERY SILVER!HH-LOVE~SHIMMERY SIL:SILVER GRAY!HH-LOVE~SILVER GRAY,The Wig Brazilian Human Hair Blend Wig HH-Love
The Wig,Lace Front,Human Hair Blend,Body Wavy,Medium,Thewig-LaceFront-LH-MAMA,LH-MAMA,BRAZILIAN INVISIBLE DEEP PART,39.99,,1!LH-MAMA_1:1B!LH-MAMA_1B:2!LH-MAMA_2:99J!LH-MAMA_99J:B27!LH-MAMA_B27:B612!LH-MAMA_B612:BRED!LH-MAMA_BRED:P1B/30!LH-MAMA_P1B/30:P4/27/30!LH-MAMA_P4/27/30:P4/30!LH-MAMA_P4/30,1!LH-MAMA_1:1B!LH-MAMA_1B:2!LH-MAMA_2:99J!LH-MAMA_99J:B27!LH-MAMA_B27:B612!LH-MAMA_B612:BRED!LH-MAMA_BRED:P1B/30!LH-MAMA_P1B/30:P4/27/30!LH-MAMA_P4/27/30:P4/30!LH-MAMA_P4/30,The Wig Brazilian Human Hair Blend Invisible Deep Part Lace Front Wig LH-Mama
The Wig,Lace Front,Human Hair Blend,Curly Style,Medium,Thewig-LaceFront-LH-OPRAH,LH-OPRAH,BRAZILIAN INVISIBLE DEEP PART,39.99,,1!LH-OPRAH_1:1B!LH-OPRAH_1B:2!LH-OPRAH_2:612!LH-OPRAH_612:99J!LH-OPRAH_99J:B27!LH-OPRAH_B27:B2730!LH-OPRAH_B2730:B612!LH-OPRAH_B612:BRED!LH-OPRAH_BRED:DIRTY SILVER!LH-OPRAH_DIRTY SILVE:JRED!LH-OPRAH_JRED:P1B/30!LH-OPRAH_P1B/30:P4/30!LH-OPRAH_P4/30:SHIMMERY SILVER!LH-OPRAH_SHIMMERY SI:SILVER GRAY!LH-OPRAH_SILVER GRAY,1!LH-OPRAH_1:1B!LH-OPRAH_1B:2!LH-OPRAH_2:612!LH-OPRAH_612:99J!LH-OPRAH_99J:B27!LH-OPRAH_B27:B2730!LH-OPRAH_B2730:B612!LH-OPRAH_B612:BRED!LH-OPRAH_BRED:DIRTY SILVER!LH-OPRAH_DIRTY SILVE:JRED!LH-OPRAH_JRED:P1B/30!LH-OPRAH_P1B/30:P4/30!LH-OPRAH_P4/30:SHIMMERY SILVER!LH-OPRAH_SHIMMERY SI:SILVER GRAY!LH-OPRAH_SILVER GRAY,The Wig Brazilian Human Hair Blend Invisible Deep Part Lace Front Wig LH-Oprah
The Wig,Lace Front,Human Hair Blend,Curly Style,Long,Thewig-LaceFront-LH-PERUVIAN,LH-PERUVIAN,BRAZILIAN INVISIBLE DEEP PART,49.99,,1!LH-PERUVIAN_1:1B!LH-PERUVIAN_1B:2!LH-PERUVIAN_2:99J!LH-PERUVIAN_99J:B27!LH-PERUVIAN_B27:B612!LH-PERUVIAN_B612:BRED!LH-PERUVIAN_BRED:P1B/30!LH-PERUVIAN_P1B/30:P4/30!LH-PERUVIAN_P4/30,1!LH-PERUVIAN_1:1B!LH-PERUVIAN_1B:2!LH-PERUVIAN_2:99J!LH-PERUVIAN_99J:B27!LH-PERUVIAN_B27:B612!LH-PERUVIAN_B612:BRED!LH-PERUVIAN_BRED:P1B/30!LH-PERUVIAN_P1B/30:P4/30!LH-PERUVIAN_P4/30,The Wig Brazilian Human Hair Blend Invisible Deep Part Lace Front Wig LH-PERUVIAN
The Wig,Lace Front,Human Hair Blend,Body Wavy,Long,Thewig-LaceFront-LH-YURA,LH-YURA,BRAZILIAN INVISIBLE DEEP PART,49.99,,1!LH-YURA_1:1B!LH-YURA_1B:2!LH-YURA_2:99J!LH-YURA_99J:B27!LH-YURA_B27:B612!LH-YURA_B612:BRED!LH-YURA_BRED:J27!LH-YURA_J27:J7648!LH-YURA_J7648:P1B/30!LH-YURA_P1B/30:P4/27/30!LH-YURA_P4/27/30:P4/30!LH-YURA_P4/30,1!LH-YURA_1:1B!LH-YURA_1B:2!LH-YURA_2:99J!LH-YURA_99J:B27!LH-YURA_B27:B612!LH-YURA_B612:BRED!LH-YURA_BRED:J27!LH-YURA_J27:J7648!LH-YURA_J7648:P1B/30!LH-YURA_P1B/30:P4/27/30!LH-YURA_P4/27/30:P4/30!LH-YURA_P4/30,The Wig Brazilian Human Hair Blend Invisible Deep Part Lace Front Wig LH-Yura
The Wig,Lace Front,Human Hair Blend,Body Wavy,Long,Thewig-LaceFront-LH-WATER,LH-WATER,BRAZILIAN INVISIBLE DEEP PART,49.99,,1!LH-WATER_1:1B!LH-WATER_1B:2!LH-WATER_2:99J!LH-WATER_99J:B27!LH-WATER_B27:B612!LH-WATER_B612:BRED!LH-WATER_BRED:P1B/30!LH-WATER_P1B/30:P4/30!LH-WATER_P4/30,1!LH-WATER_1:1B!LH-WATER_1B:2!LH-WATER_2:99J!LH-WATER_99J:B27!LH-WATER_B27:B612!LH-WATER_B612:BRED!LH-WATER_BRED:P1B/30!LH-WATER_P1B/30:P4/30!LH-WATER_P4/30,The Wig Brazilian Human Hair Blend Invisible Deep Part Lace Front Wig LH-WATER
The Wig,Lace Front,Human Hair Blend,jerry Curl,Long,Thewig-LaceFront-LH-AFRO KINKY,LH-AFRO KINKY,BRAZILIAN INVISIBLE DEEP PART,39.99,,1!LH-AFRO KINKY_1:1B!LH-AFRO KINKY_1B:2!LH-AFRO KINKY_2:99J!LH-AFRO KINKY_99J:B27!LH-AFRO KINKY_B27:B612!LH-AFRO KINKY_B612:BRED!LH-AFRO KINKY_BRED,1!LH-AFRO KINKY_1:1B!LH-AFRO KINKY_1B:2!LH-AFRO KINKY_2:99J!LH-AFRO KINKY_99J:B27!LH-AFRO KINKY_B27:B612!LH-AFRO KINKY_B612:BRED!LH-AFRO KINKY_BRED,The Wig Brazilian Human Hair Blend Invisible Deep Part Lace Front Wig LH-Afro Kinky
The Wig,Lace Front,Human Hair Blend,Straight,Long,Thewig-LaceFront-LH-BEYONCE,LH-BEYONCE,BRAZILIAN INVISIBLE DEEP PART,39.99,,1!LH-BEYONCE_1:1B!LH-BEYONCE_1B:2!LH-BEYONCE_2:612!LH-BEYONCE_612:99J!LH-BEYONCE_99J:B27!LH-BEYONCE_B27:B2730!LH-BEYONCE_B2730:B612!LH-BEYONCE_B612:BRED!LH-BEYONCE_BRED:DIRTY SILVER!LH-BEYONCE_DIRTY SIL:J2730!LH-BEYONCE_J2730:P1B/30!LH-BEYONCE_P1B/30:P4/27/30!LH-BEYONCE_P4/27/30:P4/30!LH-BEYONCE_P4/30:SHIMMERY SILVER!LH-BEYONCE_SHIMMERY:SILVER GRAY!LH-BEYONCE_SILVER GR,1!LH-BEYONCE_1:1B!LH-BEYONCE_1B:2!LH-BEYONCE_2:612!LH-BEYONCE_612:99J!LH-BEYONCE_99J:B27!LH-BEYONCE_B27:B2730!LH-BEYONCE_B2730:B612!LH-BEYONCE_B612:BRED!LH-BEYONCE_BRED:DIRTY SILVER!LH-BEYONCE_DIRTY SIL:J2730!LH-BEYONCE_J2730:P1B/30!LH-BEYONCE_P1B/30:P4/27/30!LH-BEYONCE_P4/27/30:P4/30!LH-BEYONCE_P4/30:SHIMMERY SILVER!LH-BEYONCE_SHIMMERY:SILVER GRAY!LH-BEYONCE_SILVER GR,The Wig Brazilian Human Hair Blend Invisible Deep Part Lace Front Wig LH-Beyonce
The Wig,Lace Front,Human Hair Blend,Straight,Long,Thewig-LaceFront-LH-BORA,LH-BORA,BRAZILIAN INVISIBLE DEEP PART,49.99,,1!LH-BORA_1:1B!LH-BORA_1B:2!LH-BORA_2:99J!LH-BORA_99J:B2730!LH-BORA_B2730:B3147!LH-BORA_B3147:B612!LH-BORA_B612:BRED!LH-BORA_BRED:J3147!LH-BORA_J3147:P1B/30!LH-BORA_P1B/30:P4/30!LH-BORA_P4/30:SHIMMERY SILVER!LH-BORA_SHIMMERY SIL:SILVER GRAY!LH-BORA_SILVER GRAY,1!LH-BORA_1:1B!LH-BORA_1B:2!LH-BORA_2:99J!LH-BORA_99J:B2730!LH-BORA_B2730:B3147!LH-BORA_B3147:B612!LH-BORA_B612:BRED!LH-BORA_BRED:J3147!LH-BORA_J3147:P1B/30!LH-BORA_P1B/30:P4/30!LH-BORA_P4/30:SHIMMERY SILVER!LH-BORA_SHIMMERY SIL:SILVER GRAY!LH-BORA_SILVER GRAY,The Wig Brazilian Human Hair Blend Lace Front Wig Invisible Deep Part LH-Bora
The Wig,Lace Front,Human Hair Blend,Straight,Long,Thewig-LaceFront-LH-EROS,LH-EROS,BRAZILIAN INVISIBLE DEEP PART,49.99,,1!LH-EROS_1:1B!LH-EROS_1B:2!LH-EROS_2:4!LH-EROS_4:612!LH-EROS_612:99J!LH-EROS_99J:B2730!LH-EROS_B2730:B612!LH-EROS_B612:BRED!LH-EROS_BRED:P1B/30!LH-EROS_P1B/30:P4/30!LH-EROS_P4/30:SILVER GRAY!LH-EROS_SILVER GRAY:SIMMERY SILVER!LH-EROS_SIMMERY SILV,1!LH-EROS_1:1B!LH-EROS_1B:2!LH-EROS_2:4!LH-EROS_4:612!LH-EROS_612:99J!LH-EROS_99J:B2730!LH-EROS_B2730:B612!LH-EROS_B612:BRED!LH-EROS_BRED:P1B/30!LH-EROS_P1B/30:P4/30!LH-EROS_P4/30:SILVER GRAY!LH-EROS_SILVER GRAY:SIMMERY SILVER!LH-EROS_SIMMERY SILV,The Wig Brazilian Human Hair Blend Lace Front Wig Invisible Deep Part LH-Eros
The Wig,Full Wig,Synthetic,Straight,Medium,Thewig-FullWig-EVE,EVE,NATURAL HAIR COLLECTION,19.99,,1!EVE_1:1B!EVE_1B:2!EVE_2:99J!EVE_99J:P1B/30!EVE_P1B/30:P4/30!EVE_P4/30:RT27!EVE_RT27:RT612!EVE_RT612:RTRED!EVE_RTRED,1!EVE_1:1B!EVE_1B:2!EVE_2:99J!EVE_99J:P1B/30!EVE_P1B/30:P4/30!EVE_P4/30:RT27!EVE_RT27:RT612!EVE_RT612:RTRED!EVE_RTRED,The Wig Synthetic Hair Wig Natural Hair Collection Eve
The Wig,Full Wig,Human Hair Blend,Straight,Short,Thewig-FullWig-HH-BOB,HH-BOB,BRAZILIAN,25.99,,1!HH-BOB_1:1B!HH-BOB_1B:2!HH-BOB_2:99J!HH-BOB_99J:B27!HH-BOB_B27:B2730!HH-BOB_B2730:B30!HH-BOB_B30:B612!HH-BOB_B612:BRED!HH-BOB_BRED:DIRTY SILVER!HH-BOB_DIRTY SILVER:P1B/30!HH-BOB_P1B/30:P4/30!HH-BOB_P4/30:SHIMMERY SILVER!HH-BOB_SHIMMERY SILV:SILVER GRAY!HH-BOB_SILVER GRAY,1!HH-BOB_1:1B!HH-BOB_1B:2!HH-BOB_2:99J!HH-BOB_99J:B27!HH-BOB_B27:B2730!HH-BOB_B2730:B30!HH-BOB_B30:B612!HH-BOB_B612:BRED!HH-BOB_BRED:DIRTY SILVER!HH-BOB_DIRTY SILVER:P1B/30!HH-BOB_P1B/30:P4/30!HH-BOB_P4/30:SHIMMERY SILVER!HH-BOB_SHIMMERY SILV:SILVER GRAY!HH-BOB_SILVER GRAY,The Wig Brazilian Human Hair Blend Wig HH-Bob
The Wig,Lace Front,Human Hair Blend,Wavy Style,Long,Thewig-LaceFront-LH-FLIP,LH-FLIP,BRAZILIAN INVISIBLE DEEP PART,39.99,,1!LH-FLIP_1:1B!LH-FLIP_1B:2!LH-FLIP_2:99J!LH-FLIP_99J:B27!LH-FLIP_B27:B612!LH-FLIP_B612:BRED!LH-FLIP_BRED,1!LH-FLIP_1:1B!LH-FLIP_1B:2!LH-FLIP_2:99J!LH-FLIP_99J:B27!LH-FLIP_B27:B612!LH-FLIP_B612:BRED!LH-FLIP_BRED,The Wig Brazilian Human Hair Blend Invisible Deep Part Lace Front Wig LH-Flip
The Wig,Full Wig,Human Hair Blend,Straight,Long,Thewig-FullWig-HH-JANET,HH-JANET,BRAZILIAN,29.99,,1!HH-JANET_1:1B!HH-JANET_1B:2!HH-JANET_2:612!HH-JANET_612:99J!HH-JANET_99J:B27!HH-JANET_B27:B2730!HH-JANET_B2730:B30!HH-JANET_B30:B612!HH-JANET_B612:BRED!HH-JANET_BRED:P1B/30!HH-JANET_P1B/30:P4/27/30!HH-JANET_P4/27/30:P4/30!HH-JANET_P4/30:SHIMMERY SILVER!HH-JANET_SHIMMERY SI:SILVER GRAY!HH-JANET_SILVER GRAY,1!HH-JANET_1:1B!HH-JANET_1B:2!HH-JANET_2:612!HH-JANET_612:99J!HH-JANET_99J:B27!HH-JANET_B27:B2730!HH-JANET_B2730:B30!HH-JANET_B30:B612!HH-JANET_B612:BRED!HH-JANET_BRED:P1B/30!HH-JANET_P1B/30:P4/27/30!HH-JANET_P4/27/30:P4/30!HH-JANET_P4/30:SHIMMERY SILVER!HH-JANET_SHIMMERY SI:SILVER GRAY!HH-JANET_SILVER GRAY,The Wig Brazilian Human Hair Wig Blend HH-Janet
The Wig,Full Wig,Human Hair Blend,Straight,Medium,Thewig-FullWig-HH-DUBEE,HH-DUBEE,BRAZILIAN,29.99,,1!HH-DUBEE_1:1B!HH-DUBEE_1B:2!HH-DUBEE_2:99J!HH-DUBEE_99J:B27!HH-DUBEE_B27:B2730!HH-DUBEE_B2730:B612!HH-DUBEE_B612:BRED!HH-DUBEE_BRED:DIRTY SILVER!HH-DUBEE_DIRTY SILVE:J27!HH-DUBEE_J27:J30!HH-DUBEE_J30:J613!HH-DUBEE_J613:P1B/30!HH-DUBEE_P1B/30:P4/27/30!HH-DUBEE_P4/27/30:P4/30!HH-DUBEE_P4/30:SHIMMERY SILVER!HH-DUBEE_SHIMMERY SI:SILVER GRAY!HH-DUBEE_SILVER GRAY,1!HH-DUBEE_1:1B!HH-DUBEE_1B:2!HH-DUBEE_2:99J!HH-DUBEE_99J:B27!HH-DUBEE_B27:B2730!HH-DUBEE_B2730:B612!HH-DUBEE_B612:BRED!HH-DUBEE_BRED:DIRTY SILVER!HH-DUBEE_DIRTY SILVE:J27!HH-DUBEE_J27:J30!HH-DUBEE_J30:J613!HH-DUBEE_J613:P1B/30!HH-DUBEE_P1B/30:P4/27/30!HH-DUBEE_P4/27/30:P4/30!HH-DUBEE_P4/30:SHIMMERY SILVER!HH-DUBEE_SHIMMERY SI:SILVER GRAY!HH-DUBEE_SILVER GRAY,The Wig Brazilian Human Hair Wig Blend HH-Dubee
The Wig,Full Wig,Human Hair Blend,Body Wavy,Long,Thewig-FullWig-HH-CLARA,HH-CLARA,BRAZILIAN,39.99,,1!HH-CLARA_1:1B!HH-CLARA_1B:2!HH-CLARA_2:99J!HH-CLARA_99J:B27!HH-CLARA_B27:B2730!HH-CLARA_B2730:B612!HH-CLARA_B612:BRED!HH-CLARA_BRED:DIRTY SILVER!HH-CLARA_DIRTY SILVE:P1B/30!HH-CLARA_P1B/30:P4/30!HH-CLARA_P4/30:SHIMMERY SILVER!HH-CLARA_SHIMMERY SI:SILVER GRAY!HH-CLARA_SILVER GRAY,1!HH-CLARA_1:1B!HH-CLARA_1B:2!HH-CLARA_2:99J!HH-CLARA_99J:B27!HH-CLARA_B27:B2730!HH-CLARA_B2730:B612!HH-CLARA_B612:BRED!HH-CLARA_BRED:DIRTY SILVER!HH-CLARA_DIRTY SILVE:P1B/30!HH-CLARA_P1B/30:P4/30!HH-CLARA_P4/30:SHIMMERY SILVER!HH-CLARA_SHIMMERY SI:SILVER GRAY!HH-CLARA_SILVER GRAY,The Wig Brazilian Human Hair Blend Wig HH-Clara
The Wig,Full Wig,Human Hair Blend,Straight,Short,Thewig-FullWig-HH-BOMI,HH-BOMI,BRAZILIAN,26.99,,1!HH-BOMI_1:1B!HH-BOMI_1B:2!HH-BOMI_2:99J!HH-BOMI_99J:B2730!HH-BOMI_B2730:B612!HH-BOMI_B612:BRED!HH-BOMI_BRED:P1B/30!HH-BOMI_P1B/30:P4/27/30!HH-BOMI_P4/27/30,1!HH-BOMI_1:1B!HH-BOMI_1B:2!HH-BOMI_2:99J!HH-BOMI_99J:B2730!HH-BOMI_B2730:B612!HH-BOMI_B612:BRED!HH-BOMI_BRED:P1B/30!HH-BOMI_P1B/30:P4/27/30!HH-BOMI_P4/27/30,The Wig Brazilian Human Hair Blend Wig HH-Bomi
The Wig,Full Wig,Synthetic,Straight,Long,Thewig-FullWig-YAKI1820,YAKI 18-20,NATURAL HAIR COLLECTION,19.99,,1!YAKI 18~20 INCH_1:1B!YAKI 18~20 INCH_1B:2!YAKI 18~20 INCH_2:99J!YAKI 18~20 INCH_99J:P1B/30!YAKI 18~20 INCH_P1B/:P4/30!YAKI 18~20 INCH_P4/3:RT27!YAKI 18~20 INCH_RT27:RT612!YAKI 18~20 INCH_RT61:RTRED!YAKI 18~20 INCH_RTRE,1!YAKI 18~20 INCH_1:1B!YAKI 18~20 INCH_1B:2!YAKI 18~20 INCH_2:99J!YAKI 18~20 INCH_99J:P1B/30!YAKI 18~20 INCH_P1B/:P4/30!YAKI 18~20 INCH_P4/3:RT27!YAKI 18~20 INCH_RT27:RT612!YAKI 18~20 INCH_RT61:RTRED!YAKI 18~20 INCH_RTRE,The Wig Synthetic Hair Wig Natural Hair Collection Yaki 18-20
The Wig,Full Wig,Synthetic,Straight,Long,Thewig-FullWig-YAKI2426,YAKI 24-26,NATURAL HAIR COLLECTION,19.99,,1!YAKI 24~26 INCH_1:1B!YAKI 24~26 INCH_1B:2!YAKI 24~26 INCH_2:99J!YAKI 24~26 INCH_99J:P1B/30!YAKI 24~26 INCH_P1B/:P4/30!YAKI 24~26 INCH_P4/3:RT27!YAKI 24~26 INCH_RT27:RT612!YAKI 24~26 INCH_RT61:RTRED!YAKI 24~26 INCH_RTRE,1!YAKI 24~26 INCH_1:1B!YAKI 24~26 INCH_1B:2!YAKI 24~26 INCH_2:99J!YAKI 24~26 INCH_99J:P1B/30!YAKI 24~26 INCH_P1B/:P4/30!YAKI 24~26 INCH_P4/3:RT27!YAKI 24~26 INCH_RT27:RT612!YAKI 24~26 INCH_RT61:RTRED!YAKI 24~26 INCH_RTRE,The Wig Synthetic Hair Wig Natural Hair Collection Yaki 24-26
